1,24,299,5/27/2026 8:59:19 AM
2,43,49,5/27/2026 8:59:19 AM
3,0,39,5/27/2026 8:59:19 AM
4,22,19,5/27/2026 8:59:19 AM
5,29,99,5/27/2026 8:59:19 AM
6,39,499,5/27/2026 8:59:19 AM
7,21,399,5/27/2026 8:59:19 AM
8,7,499,5/27/2026 8:59:19 AM
9,30,299,5/27/2026 8:59:19 AM
10,5,299,5/27/2026 8:59:19 AM
11,25,199,5/27/2026 8:59:19 AM
12,10,199,5/27/2026 8:59:19 AM
13,49,199,5/27/2026 8:59:19 AM
14,47,299,5/27/2026 8:59:19 AM
15,32,199,5/27/2026 8:59:19 AM
1,22,349,5/27/2026 9:00:18 AM
2,19,29,5/27/2026 9:00:18 AM
3,16,19,5/27/2026 9:00:18 AM
4,30,29,5/27/2026 9:00:18 AM
5,31,59,5/27/2026 9:00:18 AM
6,39,399,5/27/2026 9:00:18 AM
7,13,459,5/27/2026 9:00:18 AM
8,1,399,5/27/2026 9:00:18 AM
9,48,199,5/27/2026 9:00:18 AM
10,41,349,5/27/2026 9:00:18 AM
11,0,99,5/27/2026 9:00:18 AM
12,33,99,5/27/2026 9:00:18 AM
13,28,259,5/27/2026 9:00:18 AM
14,49,199,5/27/2026 9:00:18 AM
15,39,99,5/27/2026 9:00:18 AM
1,22,399,5/27/2026 9:01:19 AM
2,19,39,5/27/2026 9:01:19 AM
3,12,29,5/27/2026 9:01:19 AM
4,34,39,5/27/2026 9:01:19 AM
5,31,79,5/27/2026 9:01:19 AM
6,6,459,5/27/2026 9:01:19 AM
7,45,499,5/27/2026 9:01:19 AM
8,20,459,5/27/2026 9:01:19 AM
9,29,259,5/27/2026 9:01:19 AM
10,16,399,5/27/2026 9:01:19 AM
11,24,149,5/27/2026 9:01:19 AM
12,24,149,5/27/2026 9:01:19 AM
13,8,299,5/27/2026 9:01:19 AM
14,21,259,5/27/2026 9:01:19 AM
15,6,149,5/27/2026 9:01:19 AM
1,24,299,5/27/2026 9:02:19 AM
2,43,49,5/27/2026 9:02:19 AM
3,0,39,5/27/2026 9:02:19 AM
4,22,19,5/27/2026 9:02:19 AM
5,29,99,5/27/2026 9:02:19 AM
6,39,499,5/27/2026 9:02:19 AM
7,21,399,5/27/2026 9:02:19 AM
8,7,499,5/27/2026 9:02:19 AM
9,30,299,5/27/2026 9:02:19 AM
10,5,299,5/27/2026 9:02:19 AM
11,25,199,5/27/2026 9:02:19 AM
12,10,199,5/27/2026 9:02:19 AM
13,49,199,5/27/2026 9:02:19 AM
14,47,299,5/27/2026 9:02:19 AM
15,32,199,5/27/2026 9:02:19 AM
1,22,349,5/27/2026 9:03:18 AM
2,19,29,5/27/2026 9:03:18 AM
3,16,19,5/27/2026 9:03:18 AM
4,30,29,5/27/2026 9:03:18 AM
5,31,59,5/27/2026 9:03:18 AM
6,39,399,5/27/2026 9:03:18 AM
7,13,459,5/27/2026 9:03:18 AM
8,1,399,5/27/2026 9:03:18 AM
9,48,199,5/27/2026 9:03:18 AM
10,41,349,5/27/2026 9:03:18 AM
11,0,99,5/27/2026 9:03:18 AM
12,33,99,5/27/2026 9:03:18 AM
13,28,259,5/27/2026 9:03:18 AM
14,49,199,5/27/2026 9:03:18 AM
15,39,99,5/27/2026 9:03:18 AM
1,22,399,5/27/2026 9:04:18 AM
2,19,39,5/27/2026 9:04:18 AM
3,12,29,5/27/2026 9:04:18 AM
4,34,39,5/27/2026 9:04:18 AM
5,31,79,5/27/2026 9:04:18 AM
6,6,459,5/27/2026 9:04:18 AM
7,45,499,5/27/2026 9:04:18 AM
8,20,459,5/27/2026 9:04:18 AM
9,29,259,5/27/2026 9:04:18 AM
10,16,399,5/27/2026 9:04:18 AM
11,24,149,5/27/2026 9:04:18 AM
12,24,149,5/27/2026 9:04:18 AM
13,8,299,5/27/2026 9:04:18 AM
14,21,259,5/27/2026 9:04:18 AM
15,6,149,5/27/2026 9:04:18 AM
1,24,299,5/27/2026 9:05:18 AM
2,43,49,5/27/2026 9:05:18 AM
3,0,39,5/27/2026 9:05:18 AM
4,22,19,5/27/2026 9:05:18 AM
5,29,99,5/27/2026 9:05:18 AM
6,39,499,5/27/2026 9:05:18 AM
7,21,399,5/27/2026 9:05:18 AM
8,7,499,5/27/2026 9:05:18 AM
9,30,299,5/27/2026 9:05:18 AM
10,5,299,5/27/2026 9:05:18 AM
11,25,199,5/27/2026 9:05:18 AM
12,10,199,5/27/2026 9:05:18 AM
13,49,199,5/27/2026 9:05:18 AM
14,47,299,5/27/2026 9:05:18 AM
15,32,199,5/27/2026 9:05:18 AM
1,22,349,5/27/2026 9:06:18 AM
2,19,29,5/27/2026 9:06:18 AM
3,16,19,5/27/2026 9:06:18 AM
4,30,29,5/27/2026 9:06:18 AM
5,31,59,5/27/2026 9:06:18 AM
6,39,399,5/27/2026 9:06:18 AM
7,13,459,5/27/2026 9:06:18 AM
8,1,399,5/27/2026 9:06:18 AM
9,48,199,5/27/2026 9:06:18 AM
10,41,349,5/27/2026 9:06:18 AM
11,0,99,5/27/2026 9:06:18 AM
12,33,99,5/27/2026 9:06:18 AM
13,28,259,5/27/2026 9:06:18 AM
14,49,199,5/27/2026 9:06:18 AM
15,39,99,5/27/2026 9:06:18 AM
1,22,399,5/27/2026 9:07:18 AM
2,19,39,5/27/2026 9:07:18 AM
3,12,29,5/27/2026 9:07:18 AM
4,34,39,5/27/2026 9:07:18 AM
5,31,79,5/27/2026 9:07:18 AM
6,6,459,5/27/2026 9:07:18 AM
7,45,499,5/27/2026 9:07:18 AM
8,20,459,5/27/2026 9:07:18 AM
9,29,259,5/27/2026 9:07:18 AM
10,16,399,5/27/2026 9:07:18 AM
11,24,149,5/27/2026 9:07:18 AM
12,24,149,5/27/2026 9:07:18 AM
13,8,299,5/27/2026 9:07:18 AM
14,21,259,5/27/2026 9:07:18 AM
15,6,149,5/27/2026 9:07:18 AM
1,24,299,5/27/2026 9:08:19 AM
2,43,49,5/27/2026 9:08:19 AM
3,0,39,5/27/2026 9:08:19 AM
4,22,19,5/27/2026 9:08:19 AM
5,29,99,5/27/2026 9:08:19 AM
6,39,499,5/27/2026 9:08:19 AM
7,21,399,5/27/2026 9:08:19 AM
8,7,499,5/27/2026 9:08:19 AM
9,30,299,5/27/2026 9:08:19 AM
10,5,299,5/27/2026 9:08:19 AM
11,25,199,5/27/2026 9:08:19 AM
12,10,199,5/27/2026 9:08:19 AM
13,49,199,5/27/2026 9:08:19 AM
14,47,299,5/27/2026 9:08:19 AM
15,32,199,5/27/2026 9:08:19 AM
1,22,349,5/27/2026 9:09:18 AM
2,19,29,5/27/2026 9:09:18 AM
3,16,19,5/27/2026 9:09:18 AM
4,30,29,5/27/2026 9:09:18 AM
5,31,59,5/27/2026 9:09:18 AM
6,39,399,5/27/2026 9:09:18 AM
7,13,459,5/27/2026 9:09:18 AM
8,1,399,5/27/2026 9:09:18 AM
9,48,199,5/27/2026 9:09:18 AM
10,41,349,5/27/2026 9:09:18 AM
11,0,99,5/27/2026 9:09:18 AM
12,33,99,5/27/2026 9:09:18 AM
13,28,259,5/27/2026 9:09:18 AM
14,49,199,5/27/2026 9:09:18 AM
15,39,99,5/27/2026 9:09:18 AM
1,22,399,5/27/2026 9:10:18 AM
2,19,39,5/27/2026 9:10:18 AM
3,12,29,5/27/2026 9:10:18 AM
4,34,39,5/27/2026 9:10:18 AM
5,31,79,5/27/2026 9:10:18 AM
6,6,459,5/27/2026 9:10:18 AM
7,45,499,5/27/2026 9:10:18 AM
8,20,459,5/27/2026 9:10:18 AM
9,29,259,5/27/2026 9:10:18 AM
10,16,399,5/27/2026 9:10:18 AM
11,24,149,5/27/2026 9:10:18 AM
12,24,149,5/27/2026 9:10:18 AM
13,8,299,5/27/2026 9:10:18 AM
14,21,259,5/27/2026 9:10:18 AM
15,6,149,5/27/2026 9:10:18 AM
1,24,299,5/27/2026 9:11:18 AM
2,43,49,5/27/2026 9:11:18 AM
3,0,39,5/27/2026 9:11:18 AM
4,22,19,5/27/2026 9:11:18 AM
5,29,99,5/27/2026 9:11:18 AM
6,39,499,5/27/2026 9:11:18 AM
7,21,399,5/27/2026 9:11:18 AM
8,7,499,5/27/2026 9:11:18 AM
9,30,299,5/27/2026 9:11:18 AM
10,5,299,5/27/2026 9:11:18 AM
11,25,199,5/27/2026 9:11:18 AM
12,10,199,5/27/2026 9:11:18 AM
13,49,199,5/27/2026 9:11:18 AM
14,47,299,5/27/2026 9:11:18 AM
15,32,199,5/27/2026 9:11:18 AM
1,22,349,5/27/2026 9:12:18 AM
2,19,29,5/27/2026 9:12:18 AM
3,16,19,5/27/2026 9:12:18 AM
4,30,29,5/27/2026 9:12:18 AM
5,31,59,5/27/2026 9:12:18 AM
6,39,399,5/27/2026 9:12:18 AM
7,13,459,5/27/2026 9:12:18 AM
8,1,399,5/27/2026 9:12:18 AM
9,48,199,5/27/2026 9:12:18 AM
10,41,349,5/27/2026 9:12:18 AM
11,0,99,5/27/2026 9:12:18 AM
12,33,99,5/27/2026 9:12:18 AM
13,28,259,5/27/2026 9:12:18 AM
14,49,199,5/27/2026 9:12:18 AM
15,39,99,5/27/2026 9:12:18 AM
1,22,399,5/27/2026 9:13:18 AM
2,19,39,5/27/2026 9:13:18 AM
3,12,29,5/27/2026 9:13:18 AM
4,34,39,5/27/2026 9:13:18 AM
5,31,79,5/27/2026 9:13:18 AM
6,6,459,5/27/2026 9:13:18 AM
7,45,499,5/27/2026 9:13:18 AM
8,20,459,5/27/2026 9:13:18 AM
9,29,259,5/27/2026 9:13:18 AM
10,16,399,5/27/2026 9:13:18 AM
11,24,149,5/27/2026 9:13:18 AM
12,24,149,5/27/2026 9:13:18 AM
13,8,299,5/27/2026 9:13:18 AM
14,21,259,5/27/2026 9:13:18 AM
15,6,149,5/27/2026 9:13:18 AM
1,24,299,5/27/2026 9:14:18 AM
2,43,49,5/27/2026 9:14:18 AM
3,0,39,5/27/2026 9:14:18 AM
4,22,19,5/27/2026 9:14:18 AM
5,29,99,5/27/2026 9:14:18 AM
6,39,499,5/27/2026 9:14:18 AM
7,21,399,5/27/2026 9:14:18 AM
8,7,499,5/27/2026 9:14:18 AM
9,30,299,5/27/2026 9:14:18 AM
10,5,299,5/27/2026 9:14:18 AM
11,25,199,5/27/2026 9:14:18 AM
12,10,199,5/27/2026 9:14:18 AM
13,49,199,5/27/2026 9:14:18 AM
14,47,299,5/27/2026 9:14:18 AM
15,32,199,5/27/2026 9:14:18 AM
1,22,349,5/27/2026 9:15:18 AM
2,19,29,5/27/2026 9:15:18 AM
3,16,19,5/27/2026 9:15:18 AM
4,30,29,5/27/2026 9:15:18 AM
5,31,59,5/27/2026 9:15:18 AM
6,39,399,5/27/2026 9:15:18 AM
7,13,459,5/27/2026 9:15:18 AM
8,1,399,5/27/2026 9:15:18 AM
9,48,199,5/27/2026 9:15:18 AM
10,41,349,5/27/2026 9:15:18 AM
11,0,99,5/27/2026 9:15:18 AM
12,33,99,5/27/2026 9:15:18 AM
13,28,259,5/27/2026 9:15:18 AM
14,49,199,5/27/2026 9:15:18 AM
15,39,99,5/27/2026 9:15:18 AM
1,22,399,5/27/2026 9:16:18 AM
2,19,39,5/27/2026 9:16:18 AM
3,12,29,5/27/2026 9:16:18 AM
4,34,39,5/27/2026 9:16:18 AM
5,31,79,5/27/2026 9:16:18 AM
6,6,459,5/27/2026 9:16:18 AM
7,45,499,5/27/2026 9:16:18 AM
8,20,459,5/27/2026 9:16:18 AM
9,29,259,5/27/2026 9:16:18 AM
10,16,399,5/27/2026 9:16:18 AM
11,24,149,5/27/2026 9:16:18 AM
12,24,149,5/27/2026 9:16:18 AM
13,8,299,5/27/2026 9:16:18 AM
14,21,259,5/27/2026 9:16:18 AM
15,6,149,5/27/2026 9:16:18 AM
1,22,349,5/27/2026 9:36:31 AM
2,19,29,5/27/2026 9:36:31 AM
3,16,19,5/27/2026 9:36:31 AM
4,30,29,5/27/2026 9:36:31 AM
5,31,59,5/27/2026 9:36:31 AM
6,39,399,5/27/2026 9:36:31 AM
7,13,459,5/27/2026 9:36:31 AM
8,1,399,5/27/2026 9:36:31 AM
9,48,199,5/27/2026 9:36:31 AM
10,41,349,5/27/2026 9:36:31 AM
11,0,99,5/27/2026 9:36:31 AM
12,33,99,5/27/2026 9:36:31 AM
13,28,259,5/27/2026 9:36:31 AM
14,49,199,5/27/2026 9:36:31 AM
15,39,99,5/27/2026 9:36:31 AM
1,22,399,5/27/2026 9:37:31 AM
2,19,39,5/27/2026 9:37:31 AM
3,12,29,5/27/2026 9:37:31 AM
4,34,39,5/27/2026 9:37:31 AM
5,31,79,5/27/2026 9:37:31 AM
6,6,459,5/27/2026 9:37:31 AM
7,45,499,5/27/2026 9:37:31 AM
8,20,459,5/27/2026 9:37:31 AM
9,29,259,5/27/2026 9:37:31 AM
10,16,399,5/27/2026 9:37:31 AM
11,24,149,5/27/2026 9:37:31 AM
12,24,149,5/27/2026 9:37:31 AM
13,8,299,5/27/2026 9:37:31 AM
14,21,259,5/27/2026 9:37:31 AM
15,6,149,5/27/2026 9:37:31 AM
1,24,299,5/27/2026 9:41:04 AM
2,43,49,5/27/2026 9:41:04 AM
3,0,39,5/27/2026 9:41:04 AM
4,22,19,5/27/2026 9:41:04 AM
5,29,99,5/27/2026 9:41:04 AM
6,39,499,5/27/2026 9:41:04 AM
7,21,399,5/27/2026 9:41:04 AM
8,7,499,5/27/2026 9:41:04 AM
9,30,299,5/27/2026 9:41:04 AM
10,5,299,5/27/2026 9:41:04 AM
11,25,199,5/27/2026 9:41:04 AM
12,10,199,5/27/2026 9:41:04 AM
13,49,199,5/27/2026 9:41:04 AM
14,47,299,5/27/2026 9:41:04 AM
15,32,199,5/27/2026 9:41:04 AM
1,22,349,5/27/2026 9:42:03 AM
2,19,29,5/27/2026 9:42:03 AM
3,16,19,5/27/2026 9:42:03 AM
4,30,29,5/27/2026 9:42:03 AM
5,31,59,5/27/2026 9:42:03 AM
6,39,399,5/27/2026 9:42:03 AM
7,13,459,5/27/2026 9:42:03 AM
8,1,399,5/27/2026 9:42:03 AM
9,48,199,5/27/2026 9:42:03 AM
10,41,349,5/27/2026 9:42:03 AM
11,0,99,5/27/2026 9:42:03 AM
12,33,99,5/27/2026 9:42:03 AM
13,28,259,5/27/2026 9:42:03 AM
14,49,199,5/27/2026 9:42:03 AM
15,39,99,5/27/2026 9:42:03 AM
1,22,399,5/27/2026 9:43:05 AM
2,19,39,5/27/2026 9:43:05 AM
3,12,29,5/27/2026 9:43:05 AM
4,34,39,5/27/2026 9:43:05 AM
5,31,79,5/27/2026 9:43:05 AM
6,6,459,5/27/2026 9:43:05 AM
7,45,499,5/27/2026 9:43:05 AM
8,20,459,5/27/2026 9:43:05 AM
9,29,259,5/27/2026 9:43:05 AM
10,16,399,5/27/2026 9:43:05 AM
11,24,149,5/27/2026 9:43:05 AM
12,24,149,5/27/2026 9:43:05 AM
13,8,299,5/27/2026 9:43:05 AM
14,21,259,5/27/2026 9:43:05 AM
15,6,149,5/27/2026 9:43:05 AM
1,24,299,5/27/2026 9:44:05 AM
2,43,49,5/27/2026 9:44:05 AM
3,0,39,5/27/2026 9:44:05 AM
4,22,19,5/27/2026 9:44:05 AM
5,29,99,5/27/2026 9:44:05 AM
6,39,499,5/27/2026 9:44:05 AM
7,21,399,5/27/2026 9:44:05 AM
8,7,499,5/27/2026 9:44:05 AM
9,30,299,5/27/2026 9:44:05 AM
10,5,299,5/27/2026 9:44:05 AM
11,25,199,5/27/2026 9:44:05 AM
12,10,199,5/27/2026 9:44:05 AM
13,49,199,5/27/2026 9:44:05 AM
14,47,299,5/27/2026 9:44:05 AM
15,32,199,5/27/2026 9:44:05 AM
1,22,349,5/27/2026 9:45:04 AM
2,19,29,5/27/2026 9:45:04 AM
3,16,19,5/27/2026 9:45:04 AM
4,30,29,5/27/2026 9:45:04 AM
5,31,59,5/27/2026 9:45:04 AM
6,39,399,5/27/2026 9:45:04 AM
7,13,459,5/27/2026 9:45:04 AM
8,1,399,5/27/2026 9:45:04 AM
9,48,199,5/27/2026 9:45:04 AM
10,41,349,5/27/2026 9:45:04 AM
11,0,99,5/27/2026 9:45:04 AM
12,33,99,5/27/2026 9:45:04 AM
13,28,259,5/27/2026 9:45:04 AM
14,49,199,5/27/2026 9:45:04 AM
15,39,99,5/27/2026 9:45:04 AM
1,24,299,5/27/2026 9:50:55 AM
2,43,49,5/27/2026 9:50:55 AM
3,0,39,5/27/2026 9:50:55 AM
4,22,19,5/27/2026 9:50:55 AM
5,29,99,5/27/2026 9:50:55 AM
6,39,499,5/27/2026 9:50:55 AM
7,21,399,5/27/2026 9:50:55 AM
8,7,499,5/27/2026 9:50:55 AM
9,30,299,5/27/2026 9:50:55 AM
10,5,299,5/27/2026 9:50:55 AM
11,25,199,5/27/2026 9:50:55 AM
12,10,199,5/27/2026 9:50:55 AM
13,49,199,5/27/2026 9:50:55 AM
14,47,299,5/27/2026 9:50:55 AM
15,32,199,5/27/2026 9:50:55 AM
1,22,349,5/27/2026 9:51:55 AM
2,19,29,5/27/2026 9:51:55 AM
3,16,19,5/27/2026 9:51:55 AM
4,30,29,5/27/2026 9:51:55 AM
5,31,59,5/27/2026 9:51:55 AM
6,39,399,5/27/2026 9:51:55 AM
7,13,459,5/27/2026 9:51:55 AM
8,1,399,5/27/2026 9:51:55 AM
9,48,199,5/27/2026 9:51:55 AM
10,41,349,5/27/2026 9:51:55 AM
11,0,99,5/27/2026 9:51:55 AM
12,33,99,5/27/2026 9:51:55 AM
13,28,259,5/27/2026 9:51:55 AM
14,49,199,5/27/2026 9:51:55 AM
15,39,99,5/27/2026 9:51:55 AM
1,22,399,5/27/2026 9:52:55 AM
2,19,39,5/27/2026 9:52:55 AM
3,12,29,5/27/2026 9:52:55 AM
4,34,39,5/27/2026 9:52:55 AM
5,31,79,5/27/2026 9:52:55 AM
6,6,459,5/27/2026 9:52:55 AM
7,45,499,5/27/2026 9:52:55 AM
8,20,459,5/27/2026 9:52:55 AM
9,29,259,5/27/2026 9:52:55 AM
10,16,399,5/27/2026 9:52:55 AM
11,24,149,5/27/2026 9:52:55 AM
12,24,149,5/27/2026 9:52:55 AM
13,8,299,5/27/2026 9:52:55 AM
14,21,259,5/27/2026 9:52:55 AM
15,6,149,5/27/2026 9:52:55 AM
1,24,299,5/27/2026 9:53:55 AM
2,43,49,5/27/2026 9:53:55 AM
3,0,39,5/27/2026 9:53:55 AM
4,22,19,5/27/2026 9:53:55 AM
5,29,99,5/27/2026 9:53:55 AM
6,39,499,5/27/2026 9:53:55 AM
7,21,399,5/27/2026 9:53:55 AM
8,7,499,5/27/2026 9:53:55 AM
9,30,299,5/27/2026 9:53:55 AM
10,5,299,5/27/2026 9:53:55 AM
11,25,199,5/27/2026 9:53:55 AM
12,10,199,5/27/2026 9:53:55 AM
13,49,199,5/27/2026 9:53:55 AM
14,47,299,5/27/2026 9:53:55 AM
15,32,199,5/27/2026 9:53:55 AM
1,22,349,5/27/2026 9:54:56 AM
2,19,29,5/27/2026 9:54:56 AM
3,16,19,5/27/2026 9:54:56 AM
4,30,29,5/27/2026 9:54:56 AM
5,31,59,5/27/2026 9:54:56 AM
6,39,399,5/27/2026 9:54:56 AM
7,13,459,5/27/2026 9:54:56 AM
8,1,399,5/27/2026 9:54:56 AM
9,48,199,5/27/2026 9:54:56 AM
10,41,349,5/27/2026 9:54:56 AM
11,0,99,5/27/2026 9:54:56 AM
12,33,99,5/27/2026 9:54:56 AM
13,28,259,5/27/2026 9:54:56 AM
14,49,199,5/27/2026 9:54:56 AM
15,39,99,5/27/2026 9:54:56 AM
1,22,399,5/27/2026 9:55:56 AM
2,19,39,5/27/2026 9:55:56 AM
3,12,29,5/27/2026 9:55:56 AM
4,34,39,5/27/2026 9:55:56 AM
5,31,79,5/27/2026 9:55:56 AM
6,6,459,5/27/2026 9:55:56 AM
7,45,499,5/27/2026 9:55:56 AM
8,20,459,5/27/2026 9:55:56 AM
9,29,259,5/27/2026 9:55:56 AM
10,16,399,5/27/2026 9:55:56 AM
11,24,149,5/27/2026 9:55:56 AM
12,24,149,5/27/2026 9:55:56 AM
13,8,299,5/27/2026 9:55:56 AM
14,21,259,5/27/2026 9:55:56 AM
15,6,149,5/27/2026 9:55:56 AM
1,24,299,5/27/2026 9:56:56 AM
2,43,49,5/27/2026 9:56:56 AM
3,0,39,5/27/2026 9:56:56 AM
4,22,19,5/27/2026 9:56:56 AM
5,29,99,5/27/2026 9:56:56 AM
6,39,499,5/27/2026 9:56:56 AM
7,21,399,5/27/2026 9:56:56 AM
8,7,499,5/27/2026 9:56:56 AM
9,30,299,5/27/2026 9:56:56 AM
10,5,299,5/27/2026 9:56:56 AM
11,25,199,5/27/2026 9:56:56 AM
12,10,199,5/27/2026 9:56:56 AM
13,49,199,5/27/2026 9:56:56 AM
14,47,299,5/27/2026 9:56:56 AM
15,32,199,5/27/2026 9:56:56 AM
1,22,349,5/27/2026 9:57:55 AM
2,19,29,5/27/2026 9:57:55 AM
3,16,19,5/27/2026 9:57:55 AM
4,30,29,5/27/2026 9:57:55 AM
5,31,59,5/27/2026 9:57:55 AM
6,39,399,5/27/2026 9:57:55 AM
7,13,459,5/27/2026 9:57:55 AM
8,1,399,5/27/2026 9:57:55 AM
9,48,199,5/27/2026 9:57:55 AM
10,41,349,5/27/2026 9:57:55 AM
11,0,99,5/27/2026 9:57:55 AM
12,33,99,5/27/2026 9:57:55 AM
13,28,259,5/27/2026 9:57:55 AM
14,49,199,5/27/2026 9:57:55 AM
15,39,99,5/27/2026 9:57:55 AM
1,22,399,5/27/2026 9:58:56 AM
2,19,39,5/27/2026 9:58:56 AM
3,12,29,5/27/2026 9:58:56 AM
4,34,39,5/27/2026 9:58:56 AM
5,31,79,5/27/2026 9:58:56 AM
6,6,459,5/27/2026 9:58:56 AM
7,45,499,5/27/2026 9:58:56 AM
8,20,459,5/27/2026 9:58:56 AM
9,29,259,5/27/2026 9:58:56 AM
10,16,399,5/27/2026 9:58:56 AM
11,24,149,5/27/2026 9:58:56 AM
12,24,149,5/27/2026 9:58:56 AM
13,8,299,5/27/2026 9:58:56 AM
14,21,259,5/27/2026 9:58:56 AM
15,6,149,5/27/2026 9:58:56 AM
1,24,299,5/27/2026 9:59:55 AM
2,43,49,5/27/2026 9:59:55 AM
3,0,39,5/27/2026 9:59:55 AM
4,22,19,5/27/2026 9:59:55 AM
5,29,99,5/27/2026 9:59:55 AM
6,39,499,5/27/2026 9:59:55 AM
7,21,399,5/27/2026 9:59:55 AM
8,7,499,5/27/2026 9:59:55 AM
9,30,299,5/27/2026 9:59:55 AM
10,5,299,5/27/2026 9:59:55 AM
11,25,199,5/27/2026 9:59:55 AM
12,10,199,5/27/2026 9:59:55 AM
13,49,199,5/27/2026 9:59:55 AM
14,47,299,5/27/2026 9:59:55 AM
15,32,199,5/27/2026 9:59:55 AM
1,22,399,5/27/2026 10:01:02 AM
2,19,39,5/27/2026 10:01:02 AM
3,12,29,5/27/2026 10:01:02 AM
4,34,39,5/27/2026 10:01:02 AM
5,31,79,5/27/2026 10:01:02 AM
6,6,459,5/27/2026 10:01:02 AM
7,45,499,5/27/2026 10:01:02 AM
8,20,459,5/27/2026 10:01:02 AM
9,29,259,5/27/2026 10:01:02 AM
10,16,399,5/27/2026 10:01:02 AM
11,24,149,5/27/2026 10:01:02 AM
12,24,149,5/27/2026 10:01:02 AM
13,8,299,5/27/2026 10:01:02 AM
14,21,259,5/27/2026 10:01:02 AM
15,6,149,5/27/2026 10:01:02 AM
1,22,399,5/27/2026 10:01:37 AM
2,19,39,5/27/2026 10:01:37 AM
3,12,29,5/27/2026 10:01:37 AM
4,34,39,5/27/2026 10:01:37 AM
5,31,79,5/27/2026 10:01:37 AM
6,6,459,5/27/2026 10:01:37 AM
7,45,499,5/27/2026 10:01:37 AM
8,20,459,5/27/2026 10:01:37 AM
9,29,259,5/27/2026 10:01:37 AM
10,16,399,5/27/2026 10:01:37 AM
11,24,149,5/27/2026 10:01:37 AM
12,24,149,5/27/2026 10:01:37 AM
13,8,299,5/27/2026 10:01:37 AM
14,21,259,5/27/2026 10:01:37 AM
15,6,149,5/27/2026 10:01:37 AM
1,22,399,5/27/2026 10:01:57 AM
2,19,39,5/27/2026 10:01:57 AM
3,12,29,5/27/2026 10:01:57 AM
4,34,39,5/27/2026 10:01:57 AM
5,31,79,5/27/2026 10:01:57 AM
6,6,459,5/27/2026 10:01:57 AM
7,45,499,5/27/2026 10:01:57 AM
8,20,459,5/27/2026 10:01:57 AM
9,29,259,5/27/2026 10:01:57 AM
10,16,399,5/27/2026 10:01:57 AM
11,24,149,5/27/2026 10:01:57 AM
12,24,149,5/27/2026 10:01:57 AM
13,8,299,5/27/2026 10:01:57 AM
14,21,259,5/27/2026 10:01:57 AM
15,6,149,5/27/2026 10:01:57 AM
1,22,349,5/27/2026 10:03:40 AM
2,19,29,5/27/2026 10:03:40 AM
3,16,19,5/27/2026 10:03:40 AM
4,30,29,5/27/2026 10:03:40 AM
5,31,59,5/27/2026 10:03:40 AM
6,39,399,5/27/2026 10:03:40 AM
7,13,459,5/27/2026 10:03:40 AM
8,1,399,5/27/2026 10:03:40 AM
9,48,199,5/27/2026 10:03:40 AM
10,41,349,5/27/2026 10:03:40 AM
11,0,99,5/27/2026 10:03:40 AM
12,33,99,5/27/2026 10:03:40 AM
13,28,259,5/27/2026 10:03:40 AM
14,49,199,5/27/2026 10:03:40 AM
15,39,99,5/27/2026 10:03:40 AM
1,24,299,5/27/2026 10:08:16 AM
2,43,49,5/27/2026 10:08:16 AM
3,0,39,5/27/2026 10:08:16 AM
4,22,19,5/27/2026 10:08:16 AM
5,29,99,5/27/2026 10:08:16 AM
6,39,499,5/27/2026 10:08:16 AM
7,21,399,5/27/2026 10:08:16 AM
8,7,499,5/27/2026 10:08:16 AM
9,30,299,5/27/2026 10:08:16 AM
10,5,299,5/27/2026 10:08:16 AM
11,25,199,5/27/2026 10:08:16 AM
12,10,199,5/27/2026 10:08:16 AM
13,49,199,5/27/2026 10:08:16 AM
14,47,299,5/27/2026 10:08:16 AM
15,32,199,5/27/2026 10:08:16 AM
1,22,349,5/27/2026 10:09:39 AM
2,19,29,5/27/2026 10:09:39 AM
3,16,19,5/27/2026 10:09:39 AM
4,30,29,5/27/2026 10:09:39 AM
5,31,59,5/27/2026 10:09:39 AM
6,39,399,5/27/2026 10:09:39 AM
7,13,459,5/27/2026 10:09:39 AM
8,1,399,5/27/2026 10:09:39 AM
9,48,199,5/27/2026 10:09:39 AM
10,41,349,5/27/2026 10:09:39 AM
11,0,99,5/27/2026 10:09:39 AM
12,33,99,5/27/2026 10:09:39 AM
13,28,259,5/27/2026 10:09:39 AM
14,49,199,5/27/2026 10:09:39 AM
15,39,99,5/27/2026 10:09:39 AM
1,22,399,5/27/2026 10:10:26 AM
2,19,39,5/27/2026 10:10:26 AM
3,12,29,5/27/2026 10:10:26 AM
4,34,39,5/27/2026 10:10:26 AM
5,31,79,5/27/2026 10:10:26 AM
6,6,459,5/27/2026 10:10:26 AM
7,45,499,5/27/2026 10:10:26 AM
8,20,459,5/27/2026 10:10:26 AM
9,29,259,5/27/2026 10:10:26 AM
10,16,399,5/27/2026 10:10:26 AM
11,24,149,5/27/2026 10:10:26 AM
12,24,149,5/27/2026 10:10:26 AM
13,8,299,5/27/2026 10:10:26 AM
14,21,259,5/27/2026 10:10:26 AM
15,6,149,5/27/2026 10:10:26 AM
1,24,299,5/27/2026 10:11:49 AM
2,43,49,5/27/2026 10:11:49 AM
3,0,39,5/27/2026 10:11:49 AM
4,22,19,5/27/2026 10:11:49 AM
5,29,99,5/27/2026 10:11:49 AM
6,39,499,5/27/2026 10:11:49 AM
7,21,399,5/27/2026 10:11:49 AM
8,7,499,5/27/2026 10:11:49 AM
9,30,299,5/27/2026 10:11:49 AM
10,5,299,5/27/2026 10:11:49 AM
11,25,199,5/27/2026 10:11:49 AM
12,10,199,5/27/2026 10:11:49 AM
13,49,199,5/27/2026 10:11:49 AM
14,47,299,5/27/2026 10:11:49 AM
15,32,199,5/27/2026 10:11:49 AM
1,22,399,5/27/2026 10:13:56 AM
2,19,39,5/27/2026 10:13:56 AM
3,12,29,5/27/2026 10:13:56 AM
4,34,39,5/27/2026 10:13:56 AM
5,31,79,5/27/2026 10:13:56 AM
6,6,459,5/27/2026 10:13:56 AM
7,45,499,5/27/2026 10:13:56 AM
8,20,459,5/27/2026 10:13:56 AM
9,29,259,5/27/2026 10:13:56 AM
10,16,399,5/27/2026 10:13:56 AM
11,24,149,5/27/2026 10:13:56 AM
12,24,149,5/27/2026 10:13:56 AM
13,8,299,5/27/2026 10:13:56 AM
14,21,259,5/27/2026 10:13:56 AM
15,6,149,5/27/2026 10:13:56 AM
1,24,299,5/27/2026 10:14:58 AM
2,43,49,5/27/2026 10:14:58 AM
3,0,39,5/27/2026 10:14:58 AM
4,22,19,5/27/2026 10:14:58 AM
5,29,99,5/27/2026 10:14:58 AM
6,39,499,5/27/2026 10:14:58 AM
7,21,399,5/27/2026 10:14:58 AM
8,7,499,5/27/2026 10:14:58 AM
9,30,299,5/27/2026 10:14:58 AM
10,0,299,5/27/2026 10:14:58 AM
11,25,199,5/27/2026 10:14:58 AM
12,10,199,5/27/2026 10:14:58 AM
13,49,199,5/27/2026 10:14:58 AM
14,47,299,5/27/2026 10:14:58 AM
15,32,199,5/27/2026 10:14:58 AM
1,22,349,5/27/2026 10:15:58 AM
2,19,29,5/27/2026 10:15:58 AM
3,16,19,5/27/2026 10:15:58 AM
4,30,29,5/27/2026 10:15:58 AM
5,31,59,5/27/2026 10:15:58 AM
6,39,399,5/27/2026 10:15:58 AM
7,13,459,5/27/2026 10:15:58 AM
8,1,399,5/27/2026 10:15:58 AM
9,48,199,5/27/2026 10:15:58 AM
10,41,349,5/27/2026 10:15:58 AM
11,0,99,5/27/2026 10:15:58 AM
12,33,99,5/27/2026 10:15:58 AM
13,28,259,5/27/2026 10:15:58 AM
14,49,199,5/27/2026 10:15:58 AM
15,39,99,5/27/2026 10:15:58 AM
1,22,399,5/27/2026 10:16:48 AM
2,19,39,5/27/2026 10:16:48 AM
3,12,29,5/27/2026 10:16:48 AM
4,34,39,5/27/2026 10:16:48 AM
5,31,79,5/27/2026 10:16:48 AM
6,6,459,5/27/2026 10:16:48 AM
7,45,499,5/27/2026 10:16:48 AM
8,20,459,5/27/2026 10:16:48 AM
9,29,259,5/27/2026 10:16:48 AM
10,16,399,5/27/2026 10:16:48 AM
11,24,149,5/27/2026 10:16:48 AM
12,24,149,5/27/2026 10:16:48 AM
13,8,299,5/27/2026 10:16:48 AM
14,21,259,5/27/2026 10:16:48 AM
15,6,149,5/27/2026 10:16:48 AM
1,22,399,5/27/2026 10:22:35 AM
2,19,39,5/27/2026 10:22:35 AM
3,12,29,5/27/2026 10:22:35 AM
4,34,39,5/27/2026 10:22:35 AM
5,31,79,5/27/2026 10:22:35 AM
6,6,459,5/27/2026 10:22:35 AM
7,45,499,5/27/2026 10:22:35 AM
8,20,459,5/27/2026 10:22:35 AM
9,29,259,5/27/2026 10:22:35 AM
10,16,399,5/27/2026 10:22:35 AM
11,24,149,5/27/2026 10:22:35 AM
12,24,149,5/27/2026 10:22:35 AM
13,8,299,5/27/2026 10:22:35 AM
14,21,259,5/27/2026 10:22:35 AM
15,6,149,5/27/2026 10:22:35 AM
1,24,299,5/27/2026 10:23:34 AM
2,43,49,5/27/2026 10:23:34 AM
3,0,39,5/27/2026 10:23:34 AM
4,22,19,5/27/2026 10:23:34 AM
5,29,99,5/27/2026 10:23:34 AM
6,39,499,5/27/2026 10:23:34 AM
7,21,399,5/27/2026 10:23:34 AM
8,7,499,5/27/2026 10:23:34 AM
9,30,299,5/27/2026 10:23:34 AM
10,5,299,5/27/2026 10:23:34 AM
11,25,199,5/27/2026 10:23:34 AM
12,10,199,5/27/2026 10:23:34 AM
13,49,199,5/27/2026 10:23:34 AM
14,47,299,5/27/2026 10:23:34 AM
15,32,199,5/27/2026 10:23:34 AM
1,22,349,5/27/2026 10:24:34 AM
2,19,29,5/27/2026 10:24:34 AM
3,16,19,5/27/2026 10:24:34 AM
4,30,29,5/27/2026 10:24:34 AM
5,31,59,5/27/2026 10:24:34 AM
6,39,399,5/27/2026 10:24:34 AM
7,13,459,5/27/2026 10:24:34 AM
8,1,399,5/27/2026 10:24:34 AM
9,48,199,5/27/2026 10:24:34 AM
10,41,349,5/27/2026 10:24:34 AM
11,0,99,5/27/2026 10:24:34 AM
12,33,99,5/27/2026 10:24:34 AM
13,28,259,5/27/2026 10:24:34 AM
14,49,199,5/27/2026 10:24:34 AM
15,39,99,5/27/2026 10:24:34 AM
1,24,299,5/27/2026 10:29:12 AM
2,43,49,5/27/2026 10:29:12 AM
3,0,39,5/27/2026 10:29:12 AM
4,22,19,5/27/2026 10:29:12 AM
5,29,99,5/27/2026 10:29:12 AM
6,39,499,5/27/2026 10:29:12 AM
7,21,399,5/27/2026 10:29:12 AM
8,7,499,5/27/2026 10:29:12 AM
9,30,299,5/27/2026 10:29:12 AM
10,5,299,5/27/2026 10:29:12 AM
11,25,199,5/27/2026 10:29:12 AM
12,10,199,5/27/2026 10:29:12 AM
13,49,199,5/27/2026 10:29:12 AM
14,47,299,5/27/2026 10:29:12 AM
15,32,199,5/27/2026 10:29:12 AM
1,24,299,5/27/2026 10:29:27 AM
2,43,49,5/27/2026 10:29:27 AM
3,0,39,5/27/2026 10:29:27 AM
4,22,19,5/27/2026 10:29:27 AM
5,29,99,5/27/2026 10:29:27 AM
6,39,499,5/27/2026 10:29:27 AM
7,21,399,5/27/2026 10:29:27 AM
8,7,499,5/27/2026 10:29:27 AM
9,30,299,5/27/2026 10:29:27 AM
10,5,299,5/27/2026 10:29:27 AM
11,25,199,5/27/2026 10:29:27 AM
12,10,199,5/27/2026 10:29:27 AM
13,49,199,5/27/2026 10:29:27 AM
14,47,299,5/27/2026 10:29:27 AM
15,32,199,5/27/2026 10:29:27 AM
1,22,399,5/27/2026 10:31:30 AM
2,19,39,5/27/2026 10:31:30 AM
3,12,29,5/27/2026 10:31:30 AM
4,34,39,5/27/2026 10:31:30 AM
5,31,79,5/27/2026 10:31:30 AM
6,6,459,5/27/2026 10:31:30 AM
7,45,499,5/27/2026 10:31:30 AM
8,20,459,5/27/2026 10:31:30 AM
9,29,259,5/27/2026 10:31:30 AM
10,16,399,5/27/2026 10:31:30 AM
11,24,149,5/27/2026 10:31:30 AM
12,24,149,5/27/2026 10:31:30 AM
13,8,299,5/27/2026 10:31:30 AM
14,21,259,5/27/2026 10:31:30 AM
15,6,149,5/27/2026 10:31:30 AM
1,24,299,5/27/2026 10:32:30 AM
2,43,49,5/27/2026 10:32:30 AM
3,0,39,5/27/2026 10:32:30 AM
4,22,19,5/27/2026 10:32:30 AM
5,29,99,5/27/2026 10:32:30 AM
6,39,499,5/27/2026 10:32:30 AM
7,21,399,5/27/2026 10:32:30 AM
8,7,499,5/27/2026 10:32:30 AM
9,30,299,5/27/2026 10:32:30 AM
10,5,299,5/27/2026 10:32:30 AM
11,25,199,5/27/2026 10:32:30 AM
12,10,199,5/27/2026 10:32:30 AM
13,49,199,5/27/2026 10:32:30 AM
14,47,299,5/27/2026 10:32:30 AM
15,32,199,5/27/2026 10:32:30 AM
1,22,349,5/27/2026 10:33:30 AM
2,19,29,5/27/2026 10:33:30 AM
3,16,19,5/27/2026 10:33:30 AM
4,30,29,5/27/2026 10:33:30 AM
5,31,59,5/27/2026 10:33:30 AM
6,39,399,5/27/2026 10:33:30 AM
7,13,459,5/27/2026 10:33:30 AM
8,1,399,5/27/2026 10:33:30 AM
9,48,199,5/27/2026 10:33:30 AM
10,41,349,5/27/2026 10:33:30 AM
11,0,99,5/27/2026 10:33:30 AM
12,33,99,5/27/2026 10:33:30 AM
13,28,259,5/27/2026 10:33:30 AM
14,49,199,5/27/2026 10:33:30 AM
15,39,99,5/27/2026 10:33:30 AM
1,22,399,5/27/2026 10:34:30 AM
2,19,39,5/27/2026 10:34:30 AM
3,12,29,5/27/2026 10:34:30 AM
4,34,39,5/27/2026 10:34:30 AM
5,31,79,5/27/2026 10:34:30 AM
6,6,459,5/27/2026 10:34:30 AM
7,45,499,5/27/2026 10:34:30 AM
8,20,459,5/27/2026 10:34:30 AM
9,29,259,5/27/2026 10:34:30 AM
10,16,399,5/27/2026 10:34:30 AM
11,24,149,5/27/2026 10:34:30 AM
12,24,149,5/27/2026 10:34:30 AM
13,8,299,5/27/2026 10:34:30 AM
14,21,259,5/27/2026 10:34:30 AM
15,6,149,5/27/2026 10:34:30 AM
1,24,299,5/27/2026 10:35:30 AM
2,43,49,5/27/2026 10:35:30 AM
3,0,39,5/27/2026 10:35:30 AM
4,22,19,5/27/2026 10:35:30 AM
5,29,99,5/27/2026 10:35:30 AM
6,39,499,5/27/2026 10:35:30 AM
7,21,399,5/27/2026 10:35:30 AM
8,7,499,5/27/2026 10:35:30 AM
9,30,299,5/27/2026 10:35:30 AM
10,5,299,5/27/2026 10:35:30 AM
11,25,199,5/27/2026 10:35:30 AM
12,10,199,5/27/2026 10:35:30 AM
13,49,199,5/27/2026 10:35:30 AM
14,47,299,5/27/2026 10:35:30 AM
15,32,199,5/27/2026 10:35:30 AM
1,22,349,5/27/2026 10:36:30 AM
2,19,29,5/27/2026 10:36:30 AM
3,16,19,5/27/2026 10:36:30 AM
4,30,29,5/27/2026 10:36:30 AM
5,31,59,5/27/2026 10:36:30 AM
6,39,399,5/27/2026 10:36:30 AM
7,13,459,5/27/2026 10:36:30 AM
8,1,399,5/27/2026 10:36:30 AM
9,48,199,5/27/2026 10:36:30 AM
10,41,349,5/27/2026 10:36:30 AM
11,0,99,5/27/2026 10:36:30 AM
12,33,99,5/27/2026 10:36:30 AM
13,28,259,5/27/2026 10:36:30 AM
14,49,199,5/27/2026 10:36:30 AM
15,39,99,5/27/2026 10:36:30 AM
1,22,399,5/27/2026 10:37:30 AM
2,19,39,5/27/2026 10:37:30 AM
3,12,29,5/27/2026 10:37:30 AM
4,34,39,5/27/2026 10:37:30 AM
5,31,79,5/27/2026 10:37:30 AM
6,6,459,5/27/2026 10:37:30 AM
7,45,499,5/27/2026 10:37:30 AM
8,20,459,5/27/2026 10:37:30 AM
9,29,259,5/27/2026 10:37:30 AM
10,16,399,5/27/2026 10:37:30 AM
11,24,149,5/27/2026 10:37:30 AM
12,24,149,5/27/2026 10:37:30 AM
13,8,299,5/27/2026 10:37:30 AM
14,21,259,5/27/2026 10:37:30 AM
15,6,149,5/27/2026 10:37:30 AM
1,24,299,5/27/2026 10:38:30 AM
2,43,49,5/27/2026 10:38:30 AM
3,0,39,5/27/2026 10:38:30 AM
4,22,19,5/27/2026 10:38:30 AM
5,29,99,5/27/2026 10:38:30 AM
6,39,499,5/27/2026 10:38:30 AM
7,21,399,5/27/2026 10:38:30 AM
8,7,499,5/27/2026 10:38:30 AM
9,30,299,5/27/2026 10:38:30 AM
10,5,299,5/27/2026 10:38:30 AM
11,25,199,5/27/2026 10:38:30 AM
12,10,199,5/27/2026 10:38:30 AM
13,49,199,5/27/2026 10:38:30 AM
14,47,299,5/27/2026 10:38:30 AM
15,32,199,5/27/2026 10:38:30 AM
1,22,349,5/27/2026 10:39:30 AM
2,19,29,5/27/2026 10:39:30 AM
3,16,19,5/27/2026 10:39:30 AM
4,30,29,5/27/2026 10:39:30 AM
5,31,59,5/27/2026 10:39:30 AM
6,39,399,5/27/2026 10:39:30 AM
7,13,459,5/27/2026 10:39:30 AM
8,1,399,5/27/2026 10:39:30 AM
9,48,199,5/27/2026 10:39:30 AM
10,41,349,5/27/2026 10:39:30 AM
11,0,99,5/27/2026 10:39:30 AM
12,33,99,5/27/2026 10:39:30 AM
13,28,259,5/27/2026 10:39:30 AM
14,49,199,5/27/2026 10:39:30 AM
15,39,99,5/27/2026 10:39:30 AM
1,22,399,5/27/2026 10:40:30 AM
2,19,39,5/27/2026 10:40:30 AM
3,12,29,5/27/2026 10:40:30 AM
4,34,39,5/27/2026 10:40:30 AM
5,31,79,5/27/2026 10:40:30 AM
6,6,459,5/27/2026 10:40:30 AM
7,45,499,5/27/2026 10:40:30 AM
8,20,459,5/27/2026 10:40:30 AM
9,29,259,5/27/2026 10:40:30 AM
10,16,399,5/27/2026 10:40:30 AM
11,24,149,5/27/2026 10:40:30 AM
12,24,149,5/27/2026 10:40:30 AM
13,8,299,5/27/2026 10:40:30 AM
14,21,259,5/27/2026 10:40:30 AM
15,6,149,5/27/2026 10:40:30 AM
1,24,299,5/27/2026 10:41:30 AM
2,43,49,5/27/2026 10:41:30 AM
3,0,39,5/27/2026 10:41:30 AM
4,22,19,5/27/2026 10:41:30 AM
5,29,99,5/27/2026 10:41:30 AM
6,39,499,5/27/2026 10:41:30 AM
7,21,399,5/27/2026 10:41:30 AM
8,7,499,5/27/2026 10:41:30 AM
9,30,299,5/27/2026 10:41:30 AM
10,5,299,5/27/2026 10:41:30 AM
11,25,199,5/27/2026 10:41:30 AM
12,10,199,5/27/2026 10:41:30 AM
13,49,199,5/27/2026 10:41:30 AM
14,47,299,5/27/2026 10:41:30 AM
15,32,199,5/27/2026 10:41:30 AM
1,22,349,5/27/2026 10:42:30 AM
2,19,29,5/27/2026 10:42:30 AM
3,16,19,5/27/2026 10:42:30 AM
4,30,29,5/27/2026 10:42:30 AM
5,31,59,5/27/2026 10:42:30 AM
6,39,399,5/27/2026 10:42:30 AM
7,13,459,5/27/2026 10:42:30 AM
8,1,399,5/27/2026 10:42:30 AM
9,48,199,5/27/2026 10:42:30 AM
10,41,349,5/27/2026 10:42:30 AM
11,0,99,5/27/2026 10:42:30 AM
12,33,99,5/27/2026 10:42:30 AM
13,28,259,5/27/2026 10:42:30 AM
14,49,199,5/27/2026 10:42:30 AM
15,39,99,5/27/2026 10:42:30 AM
1,22,399,5/27/2026 10:43:30 AM
2,19,39,5/27/2026 10:43:30 AM
3,12,29,5/27/2026 10:43:30 AM
4,34,39,5/27/2026 10:43:30 AM
5,31,79,5/27/2026 10:43:30 AM
6,6,459,5/27/2026 10:43:30 AM
7,45,499,5/27/2026 10:43:30 AM
8,20,459,5/27/2026 10:43:30 AM
9,29,259,5/27/2026 10:43:30 AM
10,16,399,5/27/2026 10:43:30 AM
11,24,149,5/27/2026 10:43:30 AM
12,24,149,5/27/2026 10:43:30 AM
13,8,299,5/27/2026 10:43:30 AM
14,21,259,5/27/2026 10:43:30 AM
15,6,149,5/27/2026 10:43:30 AM
1,24,299,5/27/2026 10:44:30 AM
2,43,49,5/27/2026 10:44:30 AM
3,0,39,5/27/2026 10:44:30 AM
4,22,19,5/27/2026 10:44:30 AM
5,29,99,5/27/2026 10:44:30 AM
6,39,499,5/27/2026 10:44:30 AM
7,21,399,5/27/2026 10:44:30 AM
8,7,499,5/27/2026 10:44:30 AM
9,30,299,5/27/2026 10:44:30 AM
10,5,299,5/27/2026 10:44:30 AM
11,25,199,5/27/2026 10:44:30 AM
12,10,199,5/27/2026 10:44:30 AM
13,49,199,5/27/2026 10:44:30 AM
14,47,299,5/27/2026 10:44:30 AM
15,32,199,5/27/2026 10:44:30 AM
1,22,349,5/27/2026 10:45:30 AM
2,19,29,5/27/2026 10:45:30 AM
3,16,19,5/27/2026 10:45:30 AM
4,30,29,5/27/2026 10:45:30 AM
5,31,59,5/27/2026 10:45:30 AM
6,39,399,5/27/2026 10:45:30 AM
7,13,459,5/27/2026 10:45:30 AM
8,1,399,5/27/2026 10:45:30 AM
9,48,199,5/27/2026 10:45:30 AM
10,41,349,5/27/2026 10:45:30 AM
11,0,99,5/27/2026 10:45:30 AM
12,33,99,5/27/2026 10:45:30 AM
13,28,259,5/27/2026 10:45:30 AM
14,49,199,5/27/2026 10:45:30 AM
15,39,99,5/27/2026 10:45:30 AM
1,22,399,5/27/2026 10:46:30 AM
2,19,39,5/27/2026 10:46:30 AM
3,12,29,5/27/2026 10:46:30 AM
4,34,39,5/27/2026 10:46:30 AM
5,31,79,5/27/2026 10:46:30 AM
6,6,459,5/27/2026 10:46:30 AM
7,45,499,5/27/2026 10:46:30 AM
8,20,459,5/27/2026 10:46:30 AM
9,29,259,5/27/2026 10:46:30 AM
10,16,399,5/27/2026 10:46:30 AM
11,24,149,5/27/2026 10:46:30 AM
12,24,149,5/27/2026 10:46:30 AM
13,8,299,5/27/2026 10:46:30 AM
14,21,259,5/27/2026 10:46:30 AM
15,6,149,5/27/2026 10:46:30 AM
1,24,299,5/27/2026 10:47:33 AM
2,43,49,5/27/2026 10:47:33 AM
3,0,39,5/27/2026 10:47:33 AM
4,22,19,5/27/2026 10:47:33 AM
5,29,99,5/27/2026 10:47:33 AM
6,39,499,5/27/2026 10:47:33 AM
7,21,399,5/27/2026 10:47:33 AM
8,7,499,5/27/2026 10:47:33 AM
9,30,299,5/27/2026 10:47:33 AM
10,5,299,5/27/2026 10:47:33 AM
11,25,199,5/27/2026 10:47:33 AM
12,10,199,5/27/2026 10:47:33 AM
13,49,199,5/27/2026 10:47:33 AM
14,47,299,5/27/2026 10:47:33 AM
15,32,199,5/27/2026 10:47:33 AM
1,22,349,5/27/2026 10:48:30 AM
2,19,29,5/27/2026 10:48:30 AM
3,16,19,5/27/2026 10:48:30 AM
4,30,29,5/27/2026 10:48:30 AM
5,31,59,5/27/2026 10:48:30 AM
6,39,399,5/27/2026 10:48:30 AM
7,13,459,5/27/2026 10:48:30 AM
8,1,399,5/27/2026 10:48:30 AM
9,48,199,5/27/2026 10:48:30 AM
10,41,349,5/27/2026 10:48:30 AM
11,0,99,5/27/2026 10:48:30 AM
12,33,99,5/27/2026 10:48:30 AM
13,28,259,5/27/2026 10:48:30 AM
14,49,199,5/27/2026 10:48:30 AM
15,39,99,5/27/2026 10:48:30 AM
1,22,399,5/27/2026 10:49:30 AM
2,19,39,5/27/2026 10:49:30 AM
3,12,29,5/27/2026 10:49:30 AM
4,34,39,5/27/2026 10:49:30 AM
5,31,79,5/27/2026 10:49:30 AM
6,6,459,5/27/2026 10:49:30 AM
7,45,499,5/27/2026 10:49:30 AM
8,20,459,5/27/2026 10:49:30 AM
9,29,259,5/27/2026 10:49:30 AM
10,16,399,5/27/2026 10:49:30 AM
11,24,149,5/27/2026 10:49:30 AM
12,24,149,5/27/2026 10:49:30 AM
13,8,299,5/27/2026 10:49:30 AM
14,21,259,5/27/2026 10:49:30 AM
15,6,149,5/27/2026 10:49:30 AM
1,24,299,5/27/2026 10:50:30 AM
2,43,49,5/27/2026 10:50:30 AM
3,0,39,5/27/2026 10:50:30 AM
4,22,19,5/27/2026 10:50:30 AM
5,29,99,5/27/2026 10:50:30 AM
6,39,499,5/27/2026 10:50:30 AM
7,21,399,5/27/2026 10:50:30 AM
8,7,499,5/27/2026 10:50:30 AM
9,30,299,5/27/2026 10:50:30 AM
10,5,299,5/27/2026 10:50:30 AM
11,25,199,5/27/2026 10:50:30 AM
12,10,199,5/27/2026 10:50:30 AM
13,49,199,5/27/2026 10:50:30 AM
14,47,299,5/27/2026 10:50:30 AM
15,32,199,5/27/2026 10:50:30 AM
1,22,349,5/27/2026 10:51:30 AM
2,19,29,5/27/2026 10:51:30 AM
3,16,19,5/27/2026 10:51:30 AM
4,30,29,5/27/2026 10:51:30 AM
5,31,59,5/27/2026 10:51:30 AM
6,39,399,5/27/2026 10:51:30 AM
7,13,459,5/27/2026 10:51:30 AM
8,1,399,5/27/2026 10:51:30 AM
9,48,199,5/27/2026 10:51:30 AM
10,41,349,5/27/2026 10:51:30 AM
11,0,99,5/27/2026 10:51:30 AM
12,33,99,5/27/2026 10:51:30 AM
13,28,259,5/27/2026 10:51:30 AM
14,49,199,5/27/2026 10:51:30 AM
15,39,99,5/27/2026 10:51:30 AM
1,22,399,5/27/2026 10:52:30 AM
2,19,39,5/27/2026 10:52:30 AM
3,12,29,5/27/2026 10:52:30 AM
4,34,39,5/27/2026 10:52:30 AM
5,31,79,5/27/2026 10:52:30 AM
6,6,459,5/27/2026 10:52:30 AM
7,45,499,5/27/2026 10:52:30 AM
8,20,459,5/27/2026 10:52:30 AM
9,29,259,5/27/2026 10:52:30 AM
10,16,399,5/27/2026 10:52:30 AM
11,24,149,5/27/2026 10:52:30 AM
12,24,149,5/27/2026 10:52:30 AM
13,8,299,5/27/2026 10:52:30 AM
14,21,259,5/27/2026 10:52:30 AM
15,6,149,5/27/2026 10:52:30 AM
1,22,349,5/27/2026 11:15:58 AM
2,19,29,5/27/2026 11:15:58 AM
3,16,19,5/27/2026 11:15:58 AM
4,30,29,5/27/2026 11:15:58 AM
5,31,59,5/27/2026 11:15:58 AM
6,39,399,5/27/2026 11:15:58 AM
7,13,459,5/27/2026 11:15:58 AM
8,1,399,5/27/2026 11:15:58 AM
9,48,199,5/27/2026 11:15:58 AM
10,41,349,5/27/2026 11:15:58 AM
11,0,99,5/27/2026 11:15:58 AM
12,33,99,5/27/2026 11:15:58 AM
13,28,259,5/27/2026 11:15:58 AM
14,49,199,5/27/2026 11:15:58 AM
15,39,99,5/27/2026 11:15:58 AM
1,22,399,5/27/2026 11:16:58 AM
2,19,39,5/27/2026 11:16:58 AM
3,12,29,5/27/2026 11:16:58 AM
4,34,39,5/27/2026 11:16:58 AM
5,31,79,5/27/2026 11:16:58 AM
6,6,459,5/27/2026 11:16:58 AM
7,45,499,5/27/2026 11:16:58 AM
8,20,459,5/27/2026 11:16:58 AM
9,29,259,5/27/2026 11:16:58 AM
10,16,399,5/27/2026 11:16:58 AM
11,24,149,5/27/2026 11:16:58 AM
12,24,149,5/27/2026 11:16:58 AM
13,8,299,5/27/2026 11:16:58 AM
14,21,259,5/27/2026 11:16:58 AM
15,6,149,5/27/2026 11:16:58 AM
1,24,299,5/27/2026 11:17:58 AM
2,43,49,5/27/2026 11:17:58 AM
3,0,39,5/27/2026 11:17:58 AM
4,22,19,5/27/2026 11:17:58 AM
5,29,99,5/27/2026 11:17:58 AM
6,39,499,5/27/2026 11:17:58 AM
7,21,399,5/27/2026 11:17:58 AM
8,7,499,5/27/2026 11:17:58 AM
9,30,299,5/27/2026 11:17:58 AM
10,5,299,5/27/2026 11:17:58 AM
11,25,199,5/27/2026 11:17:58 AM
12,10,199,5/27/2026 11:17:58 AM
13,49,199,5/27/2026 11:17:58 AM
14,47,299,5/27/2026 11:17:58 AM
15,32,199,5/27/2026 11:17:58 AM
1,24,349,5/27/2026 11:18:58 AM
2,19,29,5/27/2026 11:18:58 AM
3,16,19,5/27/2026 11:18:58 AM
4,22,29,5/27/2026 11:18:58 AM
5,29,59,5/27/2026 11:18:58 AM
6,39,399,5/27/2026 11:18:58 AM
7,21,459,5/27/2026 11:18:58 AM
8,7,399,5/27/2026 11:18:58 AM
9,30,199,5/27/2026 11:18:58 AM
10,41,349,5/27/2026 11:18:58 AM
11,0,99,5/27/2026 11:18:58 AM
12,33,99,5/27/2026 11:18:58 AM
13,28,259,5/27/2026 11:18:58 AM
14,49,199,5/27/2026 11:18:58 AM
15,39,99,5/27/2026 11:18:58 AM
1,24,399,5/27/2026 11:19:58 AM
2,19,39,5/27/2026 11:19:58 AM
3,16,29,5/27/2026 11:19:58 AM
4,22,39,5/27/2026 11:19:58 AM
5,29,79,5/27/2026 11:19:58 AM
6,39,459,5/27/2026 11:19:58 AM
7,16,499,5/27/2026 11:19:58 AM
8,6,459,5/27/2026 11:19:58 AM
9,29,259,5/27/2026 11:19:58 AM
10,41,399,5/27/2026 11:19:58 AM
11,0,149,5/27/2026 11:19:58 AM
12,33,149,5/27/2026 11:19:58 AM
13,27,299,5/27/2026 11:19:58 AM
14,49,259,5/27/2026 11:19:58 AM
15,39,149,5/27/2026 11:19:58 AM
1,24,299,5/27/2026 11:20:58 AM
2,43,49,5/27/2026 11:20:58 AM
3,0,39,5/27/2026 11:20:58 AM
4,22,19,5/27/2026 11:20:58 AM
5,29,99,5/27/2026 11:20:58 AM
6,39,499,5/27/2026 11:20:58 AM
7,21,399,5/27/2026 11:20:58 AM
8,7,499,5/27/2026 11:20:58 AM
9,30,299,5/27/2026 11:20:58 AM
10,5,299,5/27/2026 11:20:58 AM
11,25,199,5/27/2026 11:20:58 AM
12,10,199,5/27/2026 11:20:58 AM
13,49,199,5/27/2026 11:20:58 AM
14,47,299,5/27/2026 11:20:58 AM
15,32,199,5/27/2026 11:20:58 AM
1,22,349,5/27/2026 11:21:58 AM
2,19,29,5/27/2026 11:21:58 AM
3,16,19,5/27/2026 11:21:58 AM
4,30,29,5/27/2026 11:21:58 AM
5,31,59,5/27/2026 11:21:58 AM
6,39,399,5/27/2026 11:21:58 AM
7,13,459,5/27/2026 11:21:58 AM
8,1,399,5/27/2026 11:21:58 AM
9,48,199,5/27/2026 11:21:58 AM
10,41,349,5/27/2026 11:21:58 AM
11,0,99,5/27/2026 11:21:58 AM
12,33,99,5/27/2026 11:21:58 AM
13,28,259,5/27/2026 11:21:58 AM
14,49,199,5/27/2026 11:21:58 AM
15,39,99,5/27/2026 11:21:58 AM
1,22,399,5/27/2026 11:22:58 AM
2,19,39,5/27/2026 11:22:58 AM
3,12,29,5/27/2026 11:22:58 AM
4,34,39,5/27/2026 11:22:58 AM
5,31,79,5/27/2026 11:22:58 AM
6,6,459,5/27/2026 11:22:58 AM
7,45,499,5/27/2026 11:22:58 AM
8,20,459,5/27/2026 11:22:58 AM
9,29,259,5/27/2026 11:22:58 AM
10,16,399,5/27/2026 11:22:58 AM
11,24,149,5/27/2026 11:22:58 AM
12,24,149,5/27/2026 11:22:58 AM
13,8,299,5/27/2026 11:22:58 AM
14,21,259,5/27/2026 11:22:58 AM
15,6,149,5/27/2026 11:22:58 AM
1,24,299,5/27/2026 11:23:26 AM
2,43,49,5/27/2026 11:23:26 AM
3,0,39,5/27/2026 11:23:26 AM
4,22,19,5/27/2026 11:23:26 AM
5,29,99,5/27/2026 11:23:26 AM
6,39,499,5/27/2026 11:23:26 AM
7,21,399,5/27/2026 11:23:26 AM
8,7,499,5/27/2026 11:23:26 AM
9,30,299,5/27/2026 11:23:26 AM
10,5,299,5/27/2026 11:23:26 AM
11,25,199,5/27/2026 11:23:26 AM
12,10,199,5/27/2026 11:23:26 AM
13,49,199,5/27/2026 11:23:26 AM
14,47,299,5/27/2026 11:23:26 AM
15,32,199,5/27/2026 11:23:26 AM
1,22,349,5/27/2026 11:24:26 AM
2,19,29,5/27/2026 11:24:26 AM
3,16,19,5/27/2026 11:24:26 AM
4,30,29,5/27/2026 11:24:26 AM
5,31,59,5/27/2026 11:24:26 AM
6,39,399,5/27/2026 11:24:26 AM
7,13,459,5/27/2026 11:24:26 AM
8,1,399,5/27/2026 11:24:26 AM
9,48,199,5/27/2026 11:24:26 AM
10,41,349,5/27/2026 11:24:26 AM
11,0,99,5/27/2026 11:24:26 AM
12,33,99,5/27/2026 11:24:26 AM
13,28,259,5/27/2026 11:24:26 AM
14,49,199,5/27/2026 11:24:26 AM
15,39,99,5/27/2026 11:24:26 AM
1,22,349,5/27/2026 11:24:39 AM
2,19,29,5/27/2026 11:24:39 AM
3,16,19,5/27/2026 11:24:39 AM
4,30,29,5/27/2026 11:24:39 AM
5,31,59,5/27/2026 11:24:39 AM
6,39,399,5/27/2026 11:24:39 AM
7,13,459,5/27/2026 11:24:39 AM
8,1,399,5/27/2026 11:24:39 AM
9,48,199,5/27/2026 11:24:39 AM
10,41,349,5/27/2026 11:24:39 AM
11,0,99,5/27/2026 11:24:39 AM
12,33,99,5/27/2026 11:24:39 AM
13,28,259,5/27/2026 11:24:39 AM
14,49,199,5/27/2026 11:24:39 AM
15,39,99,5/27/2026 11:24:39 AM
1,22,399,5/27/2026 11:25:38 AM
2,19,39,5/27/2026 11:25:38 AM
3,12,29,5/27/2026 11:25:38 AM
4,34,39,5/27/2026 11:25:38 AM
5,31,79,5/27/2026 11:25:38 AM
6,6,459,5/27/2026 11:25:38 AM
7,45,499,5/27/2026 11:25:38 AM
8,20,459,5/27/2026 11:25:38 AM
9,29,259,5/27/2026 11:25:38 AM
10,16,399,5/27/2026 11:25:38 AM
11,24,149,5/27/2026 11:25:38 AM
12,24,149,5/27/2026 11:25:38 AM
13,8,299,5/27/2026 11:25:38 AM
14,21,259,5/27/2026 11:25:38 AM
15,6,149,5/27/2026 11:25:38 AM
1,24,299,5/27/2026 11:26:26 AM
2,43,49,5/27/2026 11:26:26 AM
3,0,39,5/27/2026 11:26:26 AM
4,22,19,5/27/2026 11:26:26 AM
5,29,99,5/27/2026 11:26:26 AM
6,39,499,5/27/2026 11:26:26 AM
7,21,399,5/27/2026 11:26:26 AM
8,7,499,5/27/2026 11:26:26 AM
9,30,299,5/27/2026 11:26:26 AM
10,5,299,5/27/2026 11:26:26 AM
11,25,199,5/27/2026 11:26:26 AM
12,10,199,5/27/2026 11:26:26 AM
13,49,199,5/27/2026 11:26:26 AM
14,47,299,5/27/2026 11:26:26 AM
15,32,199,5/27/2026 11:26:26 AM
1,22,349,5/27/2026 11:27:15 AM
2,19,29,5/27/2026 11:27:15 AM
3,16,19,5/27/2026 11:27:15 AM
4,30,29,5/27/2026 11:27:15 AM
5,31,59,5/27/2026 11:27:15 AM
6,39,399,5/27/2026 11:27:15 AM
7,13,459,5/27/2026 11:27:15 AM
8,1,399,5/27/2026 11:27:15 AM
9,48,199,5/27/2026 11:27:15 AM
10,41,349,5/27/2026 11:27:15 AM
11,0,99,5/27/2026 11:27:15 AM
12,33,99,5/27/2026 11:27:15 AM
13,28,259,5/27/2026 11:27:15 AM
14,49,199,5/27/2026 11:27:15 AM
15,39,99,5/27/2026 11:27:15 AM
1,22,399,5/27/2026 11:28:14 AM
2,19,39,5/27/2026 11:28:14 AM
3,12,29,5/27/2026 11:28:14 AM
4,34,39,5/27/2026 11:28:14 AM
5,31,79,5/27/2026 11:28:14 AM
6,6,459,5/27/2026 11:28:14 AM
7,45,499,5/27/2026 11:28:14 AM
8,20,459,5/27/2026 11:28:14 AM
9,29,259,5/27/2026 11:28:14 AM
10,16,399,5/27/2026 11:28:14 AM
11,24,149,5/27/2026 11:28:14 AM
12,24,149,5/27/2026 11:28:14 AM
13,8,299,5/27/2026 11:28:14 AM
14,21,259,5/27/2026 11:28:14 AM
15,6,149,5/27/2026 11:28:14 AM
1,24,299,5/27/2026 11:29:27 AM
2,43,49,5/27/2026 11:29:27 AM
3,0,39,5/27/2026 11:29:27 AM
4,22,19,5/27/2026 11:29:27 AM
5,29,99,5/27/2026 11:29:27 AM
6,39,499,5/27/2026 11:29:27 AM
7,21,399,5/27/2026 11:29:27 AM
8,7,499,5/27/2026 11:29:27 AM
9,30,299,5/27/2026 11:29:27 AM
10,5,299,5/27/2026 11:29:27 AM
11,25,199,5/27/2026 11:29:27 AM
12,10,199,5/27/2026 11:29:27 AM
13,49,199,5/27/2026 11:29:27 AM
14,47,299,5/27/2026 11:29:27 AM
15,32,199,5/27/2026 11:29:27 AM
1,22,399,5/27/2026 11:31:44 AM
2,19,39,5/27/2026 11:31:44 AM
3,12,29,5/27/2026 11:31:44 AM
4,34,39,5/27/2026 11:31:44 AM
5,31,79,5/27/2026 11:31:44 AM
6,6,459,5/27/2026 11:31:44 AM
7,45,499,5/27/2026 11:31:44 AM
8,20,459,5/27/2026 11:31:44 AM
9,29,259,5/27/2026 11:31:44 AM
10,16,399,5/27/2026 11:31:44 AM
11,24,149,5/27/2026 11:31:44 AM
12,24,149,5/27/2026 11:31:44 AM
13,8,299,5/27/2026 11:31:44 AM
14,21,259,5/27/2026 11:31:44 AM
15,6,149,5/27/2026 11:31:44 AM
1,24,299,5/27/2026 11:32:44 AM
2,43,49,5/27/2026 11:32:44 AM
3,0,39,5/27/2026 11:32:44 AM
4,22,19,5/27/2026 11:32:44 AM
5,29,99,5/27/2026 11:32:44 AM
6,39,499,5/27/2026 11:32:44 AM
7,21,399,5/27/2026 11:32:44 AM
8,7,499,5/27/2026 11:32:44 AM
9,30,299,5/27/2026 11:32:44 AM
10,5,299,5/27/2026 11:32:44 AM
11,25,199,5/27/2026 11:32:44 AM
12,10,199,5/27/2026 11:32:44 AM
13,49,199,5/27/2026 11:32:44 AM
14,47,299,5/27/2026 11:32:44 AM
15,32,199,5/27/2026 11:32:44 AM
1,22,349,5/27/2026 11:33:12 AM
2,19,29,5/27/2026 11:33:12 AM
3,16,19,5/27/2026 11:33:12 AM
4,30,29,5/27/2026 11:33:12 AM
5,31,59,5/27/2026 11:33:12 AM
6,39,399,5/27/2026 11:33:12 AM
7,13,459,5/27/2026 11:33:12 AM
8,1,399,5/27/2026 11:33:12 AM
9,48,199,5/27/2026 11:33:12 AM
10,41,349,5/27/2026 11:33:12 AM
11,0,99,5/27/2026 11:33:12 AM
12,33,99,5/27/2026 11:33:12 AM
13,28,259,5/27/2026 11:33:12 AM
14,49,199,5/27/2026 11:33:12 AM
15,39,99,5/27/2026 11:33:12 AM
1,22,349,5/27/2026 11:33:20 AM
2,19,29,5/27/2026 11:33:20 AM
3,16,19,5/27/2026 11:33:20 AM
4,30,29,5/27/2026 11:33:20 AM
5,31,59,5/27/2026 11:33:20 AM
6,39,399,5/27/2026 11:33:20 AM
7,13,459,5/27/2026 11:33:20 AM
8,1,399,5/27/2026 11:33:20 AM
9,48,199,5/27/2026 11:33:20 AM
10,41,349,5/27/2026 11:33:20 AM
11,0,99,5/27/2026 11:33:20 AM
12,33,99,5/27/2026 11:33:20 AM
13,28,259,5/27/2026 11:33:20 AM
14,49,199,5/27/2026 11:33:20 AM
15,39,99,5/27/2026 11:33:20 AM
1,22,399,5/27/2026 11:34:20 AM
2,19,39,5/27/2026 11:34:20 AM
3,12,29,5/27/2026 11:34:20 AM
4,34,39,5/27/2026 11:34:20 AM
5,31,79,5/27/2026 11:34:20 AM
6,6,459,5/27/2026 11:34:20 AM
7,45,499,5/27/2026 11:34:20 AM
8,20,459,5/27/2026 11:34:20 AM
9,29,259,5/27/2026 11:34:20 AM
10,16,399,5/27/2026 11:34:20 AM
11,24,149,5/27/2026 11:34:20 AM
12,24,149,5/27/2026 11:34:20 AM
13,8,299,5/27/2026 11:34:20 AM
14,21,259,5/27/2026 11:34:20 AM
15,6,149,5/27/2026 11:34:20 AM
1,22,399,5/27/2026 11:34:47 AM
2,19,39,5/27/2026 11:34:47 AM
3,12,29,5/27/2026 11:34:47 AM
4,34,39,5/27/2026 11:34:47 AM
5,31,79,5/27/2026 11:34:47 AM
6,6,459,5/27/2026 11:34:47 AM
7,45,499,5/27/2026 11:34:47 AM
8,20,459,5/27/2026 11:34:47 AM
9,29,259,5/27/2026 11:34:47 AM
10,16,399,5/27/2026 11:34:47 AM
11,24,149,5/27/2026 11:34:47 AM
12,24,149,5/27/2026 11:34:47 AM
13,8,299,5/27/2026 11:34:47 AM
14,21,259,5/27/2026 11:34:47 AM
15,6,149,5/27/2026 11:34:47 AM
1,22,349,5/27/2026 11:36:44 AM
2,19,29,5/27/2026 11:36:44 AM
3,16,19,5/27/2026 11:36:44 AM
4,30,29,5/27/2026 11:36:44 AM
5,31,59,5/27/2026 11:36:44 AM
6,39,399,5/27/2026 11:36:44 AM
7,13,459,5/27/2026 11:36:44 AM
8,1,399,5/27/2026 11:36:44 AM
9,48,199,5/27/2026 11:36:44 AM
10,41,349,5/27/2026 11:36:44 AM
11,0,99,5/27/2026 11:36:44 AM
12,33,99,5/27/2026 11:36:44 AM
13,28,259,5/27/2026 11:36:44 AM
14,49,199,5/27/2026 11:36:44 AM
15,39,99,5/27/2026 11:36:44 AM
1,22,399,5/27/2026 11:37:29 AM
2,19,39,5/27/2026 11:37:29 AM
3,12,29,5/27/2026 11:37:29 AM
4,34,39,5/27/2026 11:37:29 AM
5,31,79,5/27/2026 11:37:29 AM
6,6,459,5/27/2026 11:37:29 AM
7,45,499,5/27/2026 11:37:29 AM
8,20,459,5/27/2026 11:37:29 AM
9,29,259,5/27/2026 11:37:29 AM
10,16,399,5/27/2026 11:37:29 AM
11,24,149,5/27/2026 11:37:29 AM
12,24,149,5/27/2026 11:37:29 AM
13,8,299,5/27/2026 11:37:29 AM
14,21,259,5/27/2026 11:37:29 AM
15,6,149,5/27/2026 11:37:29 AM
1,22,399,5/27/2026 1:28:16 PM
2,19,39,5/27/2026 1:28:16 PM
3,12,29,5/27/2026 1:28:16 PM
4,34,39,5/27/2026 1:28:16 PM
5,31,79,5/27/2026 1:28:16 PM
6,6,459,5/27/2026 1:28:16 PM
7,45,499,5/27/2026 1:28:16 PM
8,20,459,5/27/2026 1:28:16 PM
9,29,259,5/27/2026 1:28:16 PM
10,16,399,5/27/2026 1:28:16 PM
11,24,149,5/27/2026 1:28:16 PM
12,24,149,5/27/2026 1:28:16 PM
13,8,299,5/27/2026 1:28:16 PM
14,21,259,5/27/2026 1:28:16 PM
15,6,149,5/27/2026 1:28:16 PM
1,22,399,5/27/2026 1:28:57 PM
2,19,39,5/27/2026 1:28:57 PM
3,12,29,5/27/2026 1:28:57 PM
4,34,39,5/27/2026 1:28:57 PM
5,31,79,5/27/2026 1:28:57 PM
6,6,459,5/27/2026 1:28:57 PM
7,45,499,5/27/2026 1:28:57 PM
8,20,459,5/27/2026 1:28:57 PM
9,29,259,5/27/2026 1:28:57 PM
10,16,399,5/27/2026 1:28:57 PM
11,24,149,5/27/2026 1:28:57 PM
12,24,149,5/27/2026 1:28:57 PM
13,8,299,5/27/2026 1:28:57 PM
14,21,259,5/27/2026 1:28:57 PM
15,6,149,5/27/2026 1:28:57 PM
1,24,299,5/27/2026 1:29:24 PM
2,43,49,5/27/2026 1:29:24 PM
3,0,39,5/27/2026 1:29:24 PM
4,22,19,5/27/2026 1:29:24 PM
5,29,99,5/27/2026 1:29:24 PM
6,39,499,5/27/2026 1:29:24 PM
7,21,399,5/27/2026 1:29:24 PM
8,7,499,5/27/2026 1:29:24 PM
9,30,299,5/27/2026 1:29:24 PM
10,5,299,5/27/2026 1:29:24 PM
11,25,199,5/27/2026 1:29:24 PM
12,10,199,5/27/2026 1:29:24 PM
13,49,199,5/27/2026 1:29:24 PM
14,47,299,5/27/2026 1:29:24 PM
15,32,199,5/27/2026 1:29:24 PM
1,24,299,5/27/2026 1:29:32 PM
2,43,49,5/27/2026 1:29:32 PM
3,0,39,5/27/2026 1:29:32 PM
4,22,19,5/27/2026 1:29:32 PM
5,29,99,5/27/2026 1:29:32 PM
6,39,499,5/27/2026 1:29:32 PM
7,21,399,5/27/2026 1:29:32 PM
8,7,499,5/27/2026 1:29:32 PM
9,30,299,5/27/2026 1:29:32 PM
10,5,299,5/27/2026 1:29:32 PM
11,25,199,5/27/2026 1:29:32 PM
12,10,199,5/27/2026 1:29:32 PM
13,49,199,5/27/2026 1:29:32 PM
14,47,299,5/27/2026 1:29:32 PM
15,32,199,5/27/2026 1:29:32 PM
1,24,299,5/27/2026 1:29:42 PM
2,43,49,5/27/2026 1:29:42 PM
3,0,39,5/27/2026 1:29:42 PM
4,22,19,5/27/2026 1:29:42 PM
5,29,99,5/27/2026 1:29:42 PM
6,39,499,5/27/2026 1:29:42 PM
7,21,399,5/27/2026 1:29:42 PM
8,7,499,5/27/2026 1:29:42 PM
9,30,299,5/27/2026 1:29:42 PM
10,5,299,5/27/2026 1:29:42 PM
11,25,199,5/27/2026 1:29:42 PM
12,10,199,5/27/2026 1:29:42 PM
13,49,199,5/27/2026 1:29:42 PM
14,47,299,5/27/2026 1:29:42 PM
15,32,199,5/27/2026 1:29:42 PM
1,22,349,5/27/2026 1:30:43 PM
2,19,29,5/27/2026 1:30:43 PM
3,16,19,5/27/2026 1:30:43 PM
4,30,29,5/27/2026 1:30:43 PM
5,31,59,5/27/2026 1:30:43 PM
6,39,399,5/27/2026 1:30:43 PM
7,13,459,5/27/2026 1:30:43 PM
8,1,399,5/27/2026 1:30:43 PM
9,48,199,5/27/2026 1:30:43 PM
10,41,349,5/27/2026 1:30:43 PM
11,0,99,5/27/2026 1:30:43 PM
12,33,99,5/27/2026 1:30:43 PM
13,28,259,5/27/2026 1:30:43 PM
14,49,199,5/27/2026 1:30:43 PM
15,39,99,5/27/2026 1:30:43 PM
1,24,299,5/27/2026 1:32:01 PM
2,43,49,5/27/2026 1:32:01 PM
3,0,39,5/27/2026 1:32:01 PM
4,22,19,5/27/2026 1:32:01 PM
5,29,99,5/27/2026 1:32:01 PM
6,39,499,5/27/2026 1:32:01 PM
7,21,399,5/27/2026 1:32:01 PM
8,7,499,5/27/2026 1:32:01 PM
9,30,299,5/27/2026 1:32:01 PM
10,5,299,5/27/2026 1:32:01 PM
11,25,199,5/27/2026 1:32:01 PM
12,10,199,5/27/2026 1:32:01 PM
13,49,199,5/27/2026 1:32:01 PM
14,47,299,5/27/2026 1:32:01 PM
15,32,199,5/27/2026 1:32:01 PM