0,2,998,5/22/2026 4:38:58 PM
0,5,2495,5/22/2026 4:40:59 PM
1,1,149,5/22/2026 4:42:56 PM
2,2,98,5/22/2026 4:42:56 PM
3,1,79,5/22/2026 4:42:56 PM
4,2,98,5/22/2026 4:42:56 PM
2,2,98,5/22/2026 4:43:11 PM
3,2,158,5/22/2026 4:43:11 PM
6,5,2495,5/22/2026 5:11:59 PM
6,1,499,5/22/2026 5:12:10 PM
6,2,998,5/22/2026 5:12:15 PM
6,7,3493,5/22/2026 5:13:30 PM
6,2,998,5/22/2026 5:16:08 PM
0,8,3992,5/22/2026 5:17:46 PM
1,8,1192,5/22/2026 5:17:46 PM
2,7,343,5/22/2026 5:17:46 PM
3,7,553,5/22/2026 5:17:46 PM
4,9,441,5/22/2026 5:17:46 PM
6,6,2994,5/22/2026 5:17:46 PM
7,7,3493,5/22/2026 5:17:46 PM
8,6,594,5/22/2026 5:17:46 PM
9,5,1995,5/22/2026 5:17:46 PM
10,4,396,5/22/2026 5:17:46 PM
11,3,297,5/22/2026 5:17:46 PM
12,3,597,5/22/2026 5:17:46 PM
11,1,99,5/22/2026 5:40:43 PM
14,1,99,5/22/2026 5:40:43 PM
15,2,1000000,5/22/2026 5:40:43 PM
0,1,499,5/22/2026 5:51:43 PM
16,27,13500000,5/24/2026 1:41:52 PM
2,1,49,5/24/2026 1:44:55 PM
16,2,1000000,5/24/2026 1:44:55 PM
6,1,499,5/24/2026 1:46:36 PM
16,5,2500000,5/24/2026 1:46:36 PM
6,1,499,5/24/2026 1:46:48 PM
0,1,499,5/25/2026 1:31:02 AM
16,1,500000,5/25/2026 1:31:24 AM
16,1,500000,5/25/2026 1:31:32 AM
16,1,500000,5/25/2026 1:31:36 AM
1,1,399,5/26/2026 1:34:15 AM
8,1,399,5/26/2026 1:54:42 AM
1,1,299,5/26/2026 1:56:41 AM
2,1,49,5/26/2026 1:56:41 AM
4,1,19,5/26/2026 1:56:41 AM
5,1,99,5/26/2026 1:56:41 AM
6,1,499,5/26/2026 1:56:41 AM
7,1,399,5/26/2026 1:56:41 AM
8,1,499,5/26/2026 1:56:41 AM
9,1,299,5/26/2026 1:56:41 AM
10,1,299,5/26/2026 1:56:41 AM
11,1,199,5/26/2026 1:56:41 AM
12,1,199,5/26/2026 1:56:41 AM
13,1,199,5/26/2026 1:56:41 AM
14,1,299,5/26/2026 1:56:41 AM
15,1,199,5/26/2026 1:56:41 AM
2,19,551,5/26/2026 1:27:54 PM
3,16,304,5/26/2026 1:27:54 PM
1,4,1196,5/26/2026 6:57:15 PM
7,5,2295,5/27/2026 11:19:44 AM
8,1,399,5/27/2026 11:19:44 AM
9,1,199,5/27/2026 11:19:44 AM
13,1,259,5/27/2026 11:19:44 AM
